<?xml version="1.0" encoding="UTF-8"?>
<GenRun Id="impl_1" LaunchPart="xc7a100tcsg324-1" LaunchTime="1715328098">
  <File Type="POSTROUTE-PHYSOPT-RQS-RPT" Name="postroute_physopt_report_qor_suggestions_0.rpt"/>
  <File Type="ROUTE-RQS-RPT" Name="route_report_qor_suggestions_0.rpt"/>
  <File Type="POSTROUTE-PHYSOPT-RQS" Name="Master_Protocol_postroute_physopted.rqs"/>
  <File Type="ROUTE-RQS" Name="Master_Protocol_routed.rqs"/>
  <File Type="RBD_FILE" Name="Master_Protocol.rbd"/>
  <File Type="NPI_FILE" Name="Master_Protocol.npi"/>
  <File Type="RNPI_FILE" Name="Master_Protocol.rnpi"/>
  <File Type="CFI_FILE" Name="Master_Protocol.cfi"/>
  <File Type="RCFI_FILE" Name="Master_Protocol.rcfi"/>
  <File Type="ROUTE-METHODOLOGY-DRC-RPX" Name="Master_Protocol_methodology_drc_routed.rpx"/>
  <File Type="ROUTE-DRC-RPX" Name="Master_Protocol_drc_routed.rpx"/>
  <File Type="ROUTE-METHODOLOGY-DRC-PB" Name="Master_Protocol_methodology_drc_routed.pb"/>
  <File Type="ROUTE-METHODOLOGY-DRC" Name="Master_Protocol_methodology_drc_routed.rpt"/>
  <File Type="POSTROUTE-PHYSOPT-BLACKBOX-DCP" Name="Master_Protocol_postroute_physopt_bb.dcp"/>
  <File Type="POSTROUTE-PHYSOPT-DCP" Name="Master_Protocol_postroute_physopt.dcp"/>
  <File Type="PHYSOPT-DCP" Name="Master_Protocol_physopt.dcp"/>
  <File Type="PLACE-IO" Name="Master_Protocol_io_placed.rpt"/>
  <File Type="OPT-DRC" Name="Master_Protocol_drc_opted.rpt"/>
  <File Type="BITSTR-LTX" Name="debug_nets.ltx"/>
  <File Type="BITSTR-LTX" Name="Master_Protocol.ltx"/>
  <File Type="BITSTR-SYSDEF" Name="Master_Protocol.sysdef"/>
  <File Type="BITSTR-MMI" Name="Master_Protocol.mmi"/>
  <File Type="BITSTR-BMM" Name="Master_Protocol_bd.bmm"/>
  <File Type="PLACE-UTIL-PB" Name="Master_Protocol_utilization_placed.pb"/>
  <File Type="BG-BGN" Name="Master_Protocol.bgn"/>
  <File Type="OPT-DCP" Name="Master_Protocol_opt.dcp"/>
  <File Type="OPT-HWDEF" Name="Master_Protocol.hwdef"/>
  <File Type="BG-BIT" Name="Master_Protocol.bit"/>
  <File Type="ROUTE-BUS-SKEW" Name="Master_Protocol_bus_skew_routed.rpt"/>
  <File Type="WBT-USG" Name="usage_statistics_webtalk.html"/>
  <File Type="PA-TCL" Name="Master_Protocol.tcl"/>
  <File Type="REPORTS-TCL" Name="Master_Protocol_reports.tcl"/>
  <File Type="PLACE-UTIL" Name="Master_Protocol_utilization_placed.rpt"/>
  <File Type="BG-DRC" Name="Master_Protocol.drc"/>
  <File Type="PLACE-CTRL" Name="Master_Protocol_control_sets_placed.rpt"/>
  <File Type="PDI-FILE" Name="Master_Protocol.pdi"/>
  <File Type="RDI-RDI" Name="Master_Protocol.vdi"/>
  <File Type="BG-BIN" Name="Master_Protocol.bin"/>
  <File Type="PLACE-DCP" Name="Master_Protocol_placed.dcp"/>
  <File Type="BITSTR-MSK" Name="Master_Protocol.msk"/>
  <File Type="PWROPT-DCP" Name="Master_Protocol_pwropt.dcp"/>
  <File Type="BITSTR-RBT" Name="Master_Protocol.rbt"/>
  <File Type="POSTPLACE-PWROPT-DCP" Name="Master_Protocol_postplace_pwropt.dcp"/>
  <File Type="BITSTR-NKY" Name="Master_Protocol.nky"/>
  <File Type="PLACE-PRE-SIMILARITY" Name="Master_Protocol_incremental_reuse_pre_placed.rpt"/>
  <File Type="ROUTE-DRC" Name="Master_Protocol_drc_routed.rpt"/>
  <File Type="ROUTE-DRC-PB" Name="Master_Protocol_drc_routed.pb"/>
  <File Type="ROUTE-PWR" Name="Master_Protocol_power_routed.rpt"/>
  <File Type="ROUTE-PWR-SUM" Name="Master_Protocol_power_summary_routed.pb"/>
  <File Type="ROUTE-PWR-RPX" Name="Master_Protocol_power_routed.rpx"/>
  <File Type="ROUTE-STATUS" Name="Master_Protocol_route_status.rpt"/>
  <File Type="ROUTE-STATUS-PB" Name="Master_Protocol_route_status.pb"/>
  <File Type="ROUTE-DCP" Name="Master_Protocol_routed.dcp"/>
  <File Type="ROUTE-ERROR-DCP" Name="Master_Protocol_routed_error.dcp"/>
  <File Type="ROUTE-BLACKBOX-DCP" Name="Master_Protocol_routed_bb.dcp"/>
  <File Type="ROUTE-TIMINGSUMMARY" Name="Master_Protocol_timing_summary_routed.rpt"/>
  <File Type="ROUTE-TIMING-PB" Name="Master_Protocol_timing_summary_routed.pb"/>
  <File Type="ROUTE-TIMING-RPX" Name="Master_Protocol_timing_summary_routed.rpx"/>
  <File Type="ROUTE-CLK" Name="Master_Protocol_clock_utilization_routed.rpt"/>
  <File Type="ROUTE-BUS-SKEW-PB" Name="Master_Protocol_bus_skew_routed.pb"/>
  <File Type="ROUTE-BUS-SKEW-RPX" Name="Master_Protocol_bus_skew_routed.rpx"/>
  <FileSet Name="sources" Type="DesignSrcs" RelSrcDir="$PSRCDIR/sources_1" RelGenDir="$PGENDIR/sources_1">
    <Filter Type="Srcs"/>
    <File Path="$PSRCDIR/sources_1/imports/new/Initialization.vhd">
      <FileInfo>
        <Attr Name="ImportPath" Val="$PPRDIR/../../digital_final/digital_fial.srcs/sources_1/new/Initialization.vhd"/>
        <Attr Name="ImportTime" Val="1715286492"/>
        <Attr Name="UsedIn" Val="synthesis"/>
        <Attr Name="UsedIn" Val="simulation"/>
      </FileInfo>
    </File>
    <File Path="$PSRCDIR/sources_1/new/Protocol.vhd">
      <FileInfo>
        <Attr Name="UsedIn" Val="synthesis"/>
        <Attr Name="UsedIn" Val="simulation"/>
      </FileInfo>
    </File>
    <File Path="$PSRCDIR/sources_1/new/Read1bit.vhd">
      <FileInfo>
        <Attr Name="UsedIn" Val="synthesis"/>
        <Attr Name="UsedIn" Val="simulation"/>
      </FileInfo>
    </File>
    <File Path="$PSRCDIR/sources_1/new/Read_Struct.vhd">
      <FileInfo>
        <Attr Name="UsedIn" Val="synthesis"/>
        <Attr Name="UsedIn" Val="simulation"/>
      </FileInfo>
    </File>
    <File Path="$PSRCDIR/sources_1/new/Temp_mem.vhd">
      <FileInfo>
        <Attr Name="UsedIn" Val="synthesis"/>
        <Attr Name="UsedIn" Val="simulation"/>
      </FileInfo>
    </File>
    <File Path="$PSRCDIR/sources_1/new/Timer_15us.vhd">
      <FileInfo>
        <Attr Name="UsedIn" Val="synthesis"/>
        <Attr Name="UsedIn" Val="simulation"/>
      </FileInfo>
    </File>
    <File Path="$PSRCDIR/sources_1/new/Timer_60us.vhd">
      <FileInfo>
        <Attr Name="UsedIn" Val="synthesis"/>
        <Attr Name="UsedIn" Val="simulation"/>
      </FileInfo>
    </File>
    <File Path="$PSRCDIR/sources_1/new/Timers.vhd">
      <FileInfo>
        <Attr Name="UsedIn" Val="synthesis"/>
        <Attr Name="UsedIn" Val="simulation"/>
      </FileInfo>
    </File>
    <File Path="$PSRCDIR/sources_1/imports/new/Timmer60.vhd">
      <FileInfo>
        <Attr Name="ImportPath" Val="$PPRDIR/../../digital_final/digital_fial.srcs/sources_1/new/Timmer60.vhd"/>
        <Attr Name="ImportTime" Val="1710838494"/>
        <Attr Name="UsedIn" Val="synthesis"/>
        <Attr Name="UsedIn" Val="simulation"/>
      </FileInfo>
    </File>
    <File Path="$PSRCDIR/sources_1/imports/new/TriState_buffer.vhd">
      <FileInfo>
        <Attr Name="ImportPath" Val="$PPRDIR/../../digital_final/digital_fial.srcs/sources_1/new/TriState_buffer.vhd"/>
        <Attr Name="ImportTime" Val="1710832518"/>
        <Attr Name="UsedIn" Val="synthesis"/>
        <Attr Name="UsedIn" Val="simulation"/>
      </FileInfo>
    </File>
    <File Path="$PSRCDIR/sources_1/new/Write8bit_struct.vhd">
      <FileInfo>
        <Attr Name="UsedIn" Val="synthesis"/>
        <Attr Name="UsedIn" Val="simulation"/>
      </FileInfo>
    </File>
    <File Path="$PSRCDIR/sources_1/new/timer800ms.vhd">
      <FileInfo>
        <Attr Name="UsedIn" Val="synthesis"/>
        <Attr Name="UsedIn" Val="simulation"/>
      </FileInfo>
    </File>
    <File Path="$PSRCDIR/sources_1/new/timer_1us.vhd">
      <FileInfo>
        <Attr Name="UsedIn" Val="synthesis"/>
        <Attr Name="UsedIn" Val="simulation"/>
      </FileInfo>
    </File>
    <File Path="$PSRCDIR/sources_1/new/write0.vhd">
      <FileInfo>
        <Attr Name="UsedIn" Val="synthesis"/>
        <Attr Name="UsedIn" Val="simulation"/>
      </FileInfo>
    </File>
    <File Path="$PSRCDIR/sources_1/new/write1.vhd">
      <FileInfo>
        <Attr Name="UsedIn" Val="synthesis"/>
        <Attr Name="UsedIn" Val="simulation"/>
      </FileInfo>
    </File>
    <File Path="$PSRCDIR/sources_1/new/writebit.vhd">
      <FileInfo>
        <Attr Name="UsedIn" Val="synthesis"/>
        <Attr Name="UsedIn" Val="simulation"/>
      </FileInfo>
    </File>
    <File Path="$PSRCDIR/sources_1/new/Master_Protocol.vhd">
      <FileInfo>
        <Attr Name="UsedIn" Val="synthesis"/>
        <Attr Name="UsedIn" Val="simulation"/>
      </FileInfo>
    </File>
    <File Path="$PSRCDIR/sources_1/imports/new/Initial.vhd">
      <FileInfo>
        <Attr Name="AutoDisabled" Val="1"/>
        <Attr Name="ImportPath" Val="$PPRDIR/../../digital_final/digital_fial.srcs/sources_1/new/Initial.vhd"/>
        <Attr Name="ImportTime" Val="1715285102"/>
        <Attr Name="UsedIn" Val="synthesis"/>
        <Attr Name="UsedIn" Val="simulation"/>
      </FileInfo>
    </File>
    <File Path="$PSRCDIR/sources_1/imports/new/timer60actual.vhd">
      <FileInfo>
        <Attr Name="AutoDisabled" Val="1"/>
        <Attr Name="ImportPath" Val="$PPRDIR/../../digital_final/digital_fial.srcs/sources_1/new/timer60actual.vhd"/>
        <Attr Name="ImportTime" Val="1710836966"/>
        <Attr Name="UsedIn" Val="synthesis"/>
        <Attr Name="UsedIn" Val="simulation"/>
      </FileInfo>
    </File>
    <File Path="$PSRCDIR/sources_1/new/Test_read_struct.vhd">
      <FileInfo>
        <Attr Name="AutoDisabled" Val="1"/>
        <Attr Name="UsedIn" Val="synthesis"/>
        <Attr Name="UsedIn" Val="simulation"/>
      </FileInfo>
    </File>
    <File Path="$PSRCDIR/sources_1/new/OR_Logic.vhd">
      <FileInfo>
        <Attr Name="AutoDisabled" Val="1"/>
        <Attr Name="UsedIn" Val="synthesis"/>
        <Attr Name="UsedIn" Val="simulation"/>
      </FileInfo>
    </File>
    <Config>
      <Option Name="DesignMode" Val="RTL"/>
      <Option Name="TopModule" Val="Master_Protocol"/>
    </Config>
  </FileSet>
  <FileSet Name="constrs_in" Type="Constrs" RelSrcDir="$PSRCDIR/constrs_1">
    <Filter Type="Constrs"/>
    <File Path="$PSRCDIR/constrs_1/new/constrains.xdc">
      <FileInfo>
        <Attr Name="UsedIn" Val="synthesis"/>
        <Attr Name="UsedIn" Val="implementation"/>
      </FileInfo>
    </File>
    <Config>
      <Option Name="ConstrsType" Val="XDC"/>
    </Config>
  </FileSet>
  <FileSet Name="utils" Type="Utils" RelSrcDir="$PSRCDIR/utils_1">
    <Filter Type="Utils"/>
    <Config>
      <Option Name="TopAutoSet" Val="TRUE"/>
    </Config>
  </FileSet>
  <Strategy Version="1" Minor="2">
    <StratHandle Name="Vivado Implementation Defaults" Flow="Vivado Implementation 2020"/>
    <Step Id="init_design"/>
    <Step Id="opt_design"/>
    <Step Id="power_opt_design"/>
    <Step Id="place_design"/>
    <Step Id="post_place_power_opt_design"/>
    <Step Id="phys_opt_design"/>
    <Step Id="route_design"/>
    <Step Id="post_route_phys_opt_design"/>
    <Step Id="write_bitstream"/>
    <Step Id="write_device_image"/>
  </Strategy>
</GenRun>
